Date,Open,High,Low,Close,Volume
2022-04-05 20:00:00-04:00,110.23,111.34,109.09,111.11,5485100
2022-04-06 20:00:00-04:00,110.79,115.06,110.50,114.28,5863500
2022-04-07 20:00:00-04:00,114.33,115.20,113.12,114.17,5093900
2022-04-10 20:00:00-04:00,114.38,114.40,110.96,111.20,4071100
2022-04-11 20:00:00-04:00,110.97,111.73,109.05,109.67,4432300
2022-04-12 20:00:00-04:00,109.33,111.43,109.05,111.12,4407900
2022-04-13 20:00:00-04:00,111.65,111.84,109.33,109.46,3140000
2022-04-17 20:00:00-04:00,108.83,110.05,107.46,108.15,4115900
2022-04-18 20:00:00-04:00,108.52,111.82,108.49,111.59,5120900
2022-04-19 20:00:00-04:00,111.12,115.37,109.28,114.06,8334200
2022-04-20 20:00:00-04:00,114.56,115.65,114.07,114.74,7321100
2022-04-21 20:00:00-04:00,114.41,114.56,111.19,111.27,6710100
2022-04-24 20:00:00-04:00,110.82,111.89,109.60,111.61,4503500
2022-04-25 20:00:00-04:00,110.31,111.27,108.79,108.79,3366300
2022-04-26 20:00:00-04:00,109.08,110.28,108.00,108.55,4178700
2022-04-27 20:00:00-04:00,109.33,110.43,108.66,109.75,4960000
2022-04-28 20:00:00-04:00,108.87,109.53,105.21,105.56,6815900
2022-05-01 20:00:00-04:00,105.56,106.04,102.56,104.94,4905000
2022-05-02 20:00:00-04:00,105.14,106.34,104.00,104.56,4491500
2022-05-03 20:00:00-04:00,104.63,108.19,103.35,107.61,5347400
2022-05-04 20:00:00-04:00,106.82,106.95,103.87,105.10,5703300
2022-05-05 20:00:00-04:00,104.68,105.72,103.21,104.42,4966800
2022-05-08 20:00:00-04:00,102.95,103.42,99.46,99.88,6478200
2022-05-09 20:00:00-04:00,101.29,101.96,98.78,99.28,6248300
2022-05-10 20:00:00-04:00,99.20,100.46,98.27,98.43,6636100
2022-05-11 20:00:00-04:00,98.12,100.46,97.31,100.42,8516100
2022-05-12 20:00:00-04:00,100.78,102.78,100.78,102.19,6159300
2022-05-15 20:00:00-04:00,101.75,102.79,100.27,102.03,7459000
2022-05-16 20:00:00-04:00,103.78,107.35,103.78,106.53,9172000
2022-05-17 20:00:00-04:00,105.48,106.67,104.38,104.85,6933900
2022-05-18 20:00:00-04:00,104.19,105.10,102.79,104.57,6304800
2022-05-19 20:00:00-04:00,105.47,105.76,103.07,105.32,4509600
2022-05-22 20:00:00-04:00,105.88,107.29,105.04,106.98,4357000
2022-05-23 20:00:00-04:00,107.10,107.10,104.01,105.81,5272600
2022-05-24 20:00:00-04:00,105.28,106.90,104.49,105.27,3921700
2022-05-25 20:00:00-04:00,105.82,107.43,105.29,106.83,4027800
2022-05-26 20:00:00-04:00,107.96,108.74,107.40,108.53,3884800
2022-05-30 20:00:00-04:00,107.47,109.83,106.40,109.24,10563500
2022-05-31 20:00:00-04:00,109.60,109.74,106.52,107.03,4890200
2022-06-01 20:00:00-04:00,107.22,109.38,105.31,109.29,3856600
2022-06-02 20:00:00-04:00,108.61,109.33,108.19,108.41,3778200
2022-06-05 20:00:00-04:00,109.17,109.96,107.92,108.27,4205600
2022-06-06 20:00:00-04:00,107.98,109.03,107.16,108.70,3285600
2022-06-07 20:00:00-04:00,107.64,108.02,106.34,106.67,3683400
2022-06-08 20:00:00-04:00,106.62,107.36,104.80,104.82,3424700
2022-06-09 20:00:00-04:00,103.06,103.68,101.47,101.96,4805600
2022-06-12 20:00:00-04:00,100.15,100.54,97.97,98.50,5215300
2022-06-13 20:00:00-04:00,97.75,98.03,94.82,95.74,5890100
2022-06-14 20:00:00-04:00,97.02,98.66,95.48,97.47,5278100
2022-06-15 20:00:00-04:00,95.24,95.56,94.16,94.93,4793600
2022-06-16 20:00:00-04:00,94.16,96.44,94.16,95.36,10249200
2022-06-20 20:00:00-04:00,97.52,97.61,96.10,97.10,5338300
2022-06-21 20:00:00-04:00,96.31,99.12,96.06,98.06,5511600
2022-06-22 20:00:00-04:00,98.54,99.31,97.72,98.78,5064800
2022-06-23 20:00:00-04:00,99.51,101.97,98.98,101.79,14301600
2022-06-26 20:00:00-04:00,102.21,102.40,100.72,101.45,3804100
2022-06-27 20:00:00-04:00,101.61,102.24,99.42,99.49,4185500
2022-06-28 20:00:00-04:00,99.94,102.00,99.27,101.47,4552100
2022-06-29 20:00:00-04:00,100.52,101.45,99.85,101.05,6070900
2022-06-30 20:00:00-04:00,100.64,102.74,100.12,102.51,3291700
2022-07-04 20:00:00-04:00,101.13,101.83,99.70,101.65,4752300
2022-07-05 20:00:00-04:00,101.22,101.84,100.56,101.09,3975300
2022-07-06 20:00:00-04:00,100.89,101.95,100.63,101.83,4149000
2022-07-07 20:00:00-04:00,101.12,102.23,100.96,101.62,3115500
2022-07-10 20:00:00-04:00,101.00,101.75,100.52,101.27,4041100
2022-07-11 20:00:00-04:00,100.91,102.65,100.16,100.72,5756300
2022-07-12 20:00:00-04:00,99.36,99.49,98.29,98.78,5087700
2022-07-13 20:00:00-04:00,97.74,98.95,96.93,98.75,4993600
2022-07-14 20:00:00-04:00,100.34,101.81,100.20,101.66,4617900
2022-07-17 20:00:00-04:00,101.41,101.79,99.68,99.97,4499900
2022-07-18 20:00:00-04:00,101.29,102.76,100.85,102.69,5788400
2022-07-19 20:00:00-04:00,99.95,101.66,99.84,101.11,7300200
2022-07-20 20:00:00-04:00,101.47,103.43,101.27,103.40,5698000
2022-07-21 20:00:00-04:00,104.63,104.63,101.20,102.01,4733900
2022-07-24 20:00:00-04:00,101.91,102.13,100.40,101.36,3905600
2022-07-25 20:00:00-04:00,101.55,102.65,101.17,101.91,4824000
2022-07-26 20:00:00-04:00,102.18,103.36,101.47,102.75,3303500
2022-07-27 20:00:00-04:00,102.85,104.02,101.39,103.09,4736100
2022-07-28 20:00:00-04:00,102.60,102.64,101.41,101.67,4922900
2022-07-31 20:00:00-04:00,101.25,102.67,100.99,102.31,3871900
2022-08-01 20:00:00-04:00,102.40,103.60,101.39,101.49,3093800
2022-08-02 20:00:00-04:00,101.93,102.73,101.14,102.39,3866200
2022-08-03 20:00:00-04:00,103.14,103.34,102.37,102.50,2794000
2022-08-04 20:00:00-04:00,101.59,102.12,101.25,102.06,2789600
2022-08-07 20:00:00-04:00,102.56,102.74,101.44,101.82,2283800
2022-08-08 20:00:00-04:00,100.97,101.64,100.47,100.81,3943500
2022-08-09 20:00:00-04:00,102.53,103.11,102.01,103.01,3960900
2022-08-10 20:00:00-04:00,103.54,104.75,103.12,103.22,3281400
2022-08-11 20:00:00-04:00,103.56,104.19,103.17,104.14,2813300
2022-08-14 20:00:00-04:00,103.98,104.92,103.71,104.53,2949500
2022-08-15 20:00:00-04:00,104.12,105.12,104.09,104.65,2897400
2022-08-16 20:00:00-04:00,104.28,104.75,103.10,103.27,3053500
2022-08-17 20:00:00-04:00,103.63,103.63,101.63,102.72,4143600
2022-08-18 20:00:00-04:00,103.21,103.51,102.20,102.81,5092700
2022-08-21 20:00:00-04:00,101.80,102.11,99.85,100.38,3496800
2022-08-22 20:00:00-04:00,99.79,99.83,98.57,99.03,4203000
2022-08-23 20:00:00-04:00,98.93,99.18,98.20,98.50,4278200
2022-08-24 20:00:00-04:00,98.31,98.98,97.67,98.92,5249200
2022-08-25 20:00:00-04:00,98.97,99.30,94.94,95.19,5440700
2022-08-28 20:00:00-04:00,94.82,95.86,94.55,95.14,4229900
2022-08-29 20:00:00-04:00,95.69,95.96,95.14,95.47,4629700
2022-08-30 20:00:00-04:00,96.19,97.20,95.85,95.89,7600700
2022-08-31 20:00:00-04:00,95.62,97.99,95.31,97.94,4397900
2022-09-01 20:00:00-04:00,98.51,98.69,95.27,95.75,4103200
2022-09-05 20:00:00-04:00,95.75,97.09,95.51,95.95,4670400
2022-09-06 20:00:00-04:00,96.11,98.06,95.98,97.81,5100800
2022-09-07 20:00:00-04:00,96.81,100.49,96.77,99.95,8700700
2022-09-08 20:00:00-04:00,100.08,101.89,99.98,101.34,5781200
2022-09-11 20:00:00-04:00,101.62,102.45,101.37,102.10,4358100
2022-09-12 20:00:00-04:00,100.16,100.50,98.63,98.87,5300800
2022-09-13 20:00:00-04:00,98.96,99.76,98.10,98.82,3264200
2022-09-14 20:00:00-04:00,99.08,100.03,97.96,98.14,4237000
2022-09-15 20:00:00-04:00,97.89,98.09,96.60,97.15,8898200
2022-09-18 20:00:00-04:00,96.45,97.26,95.52,97.24,3816000
2022-09-19 20:00:00-04:00,96.02,96.25,94.57,95.57,4617100
2022-09-20 20:00:00-04:00,96.10,97.08,94.00,94.02,4720500
2022-09-21 20:00:00-04:00,93.46,95.13,93.28,94.42,5567500
2022-09-22 20:00:00-04:00,93.78,94.25,92.31,94.05,6214600
2022-09-25 20:00:00-04:00,93.59,94.02,92.73,93.27,6037800
2022-09-26 20:00:00-04:00,93.65,94.10,91.46,91.86,6377800
2022-09-27 20:00:00-04:00,91.61,92.73,91.15,92.22,7206900
2022-09-28 20:00:00-04:00,92.34,92.65,91.13,91.82,6698800
2022-09-29 20:00:00-04:00,92.21,92.95,90.31,90.39,6728400
2022-10-02 20:00:00-04:00,91.36,93.59,90.99,92.97,4817600
2022-10-03 20:00:00-04:00,94.11,96.42,93.92,96.29,5710800
2022-10-04 20:00:00-04:00,95.44,97.12,95.21,96.57,3803400
2022-10-05 20:00:00-04:00,96.09,96.42,95.17,95.71,6348100
2022-10-06 20:00:00-04:00,95.75,98.17,94.39,95.09,8485900
2022-10-09 20:00:00-04:00,95.40,95.58,93.72,94.47,4044600
2022-10-10 20:00:00-04:00,94.21,95.99,93.50,95.05,5304800
2022-10-11 20:00:00-04:00,94.58,95.20,93.47,93.49,4106200
2022-10-12 20:00:00-04:00,91.91,96.75,91.68,96.18,6250900
2022-10-13 20:00:00-04:00,96.84,97.54,94.60,94.71,6087200
2022-10-16 20:00:00-04:00,95.85,97.57,95.61,97.16,7315800
2022-10-17 20:00:00-04:00,99.31,100.12,98.23,98.53,8943900
2022-10-18 20:00:00-04:00,94.80,94.96,90.40,92.08,18525200
2022-10-19 20:00:00-04:00,90.59,91.74,89.17,89.36,12651200
2022-10-20 20:00:00-04:00,88.55,89.65,87.52,89.22,9859000
2022-10-23 20:00:00-04:00,90.15,92.44,90.01,92.25,8118000
2022-10-24 20:00:00-04:00,92.05,92.83,91.66,91.93,7114400
2022-10-25 20:00:00-04:00,92.06,93.41,91.87,92.37,8290100
2022-10-26 20:00:00-04:00,92.61,92.61,90.83,90.98,6610000
2022-10-27 20:00:00-04:00,91.34,93.88,91.23,93.38,5768100
2022-10-30 20:00:00-04:00,93.04,93.39,92.12,92.86,5885600
2022-10-31 20:00:00-04:00,93.50,94.16,92.58,93.21,5249400
2022-11-01 20:00:00-04:00,92.67,95.01,92.00,92.02,5196700
2022-11-02 20:00:00-04:00,90.86,91.05,89.49,90.53,4873400
2022-11-03 20:00:00-04:00,91.82,92.20,90.24,92.05,4902800
2022-11-06 19:00:00-05:00,92.71,93.90,92.10,93.39,4903700
2022-11-07 19:00:00-05:00,93.76,94.10,92.87,93.52,5708200
2022-11-08 19:00:00-05:00,93.77,95.05,93.15,93.35,5339600
2022-11-09 19:00:00-05:00,96.70,98.02,95.87,97.83,5907400
2022-11-10 19:00:00-05:00,98.21,99.40,97.55,97.70,7106900
2022-11-13 19:00:00-05:00,97.30,97.90,95.73,95.74,5661600
2022-11-14 19:00:00-05:00,97.10,98.06,96.09,96.80,5262900
2022-11-15 19:00:00-05:00,97.84,98.83,96.92,97.25,3292800
2022-11-16 19:00:00-05:00,96.36,96.76,95.31,96.26,3332900
2022-11-17 19:00:00-05:00,97.16,97.79,96.62,97.49,3931800
2022-11-20 19:00:00-05:00,97.36,98.46,97.30,97.50,4148800
2022-11-21 19:00:00-05:00,97.59,98.55,96.55,98.43,4511700
2022-11-22 19:00:00-05:00,98.52,99.93,97.99,99.51,4617500
2022-11-24 19:00:00-05:00,100.12,100.76,99.97,100.39,2558100
2022-11-27 19:00:00-05:00,100.16,101.13,98.67,98.92,4149700
2022-11-28 19:00:00-05:00,98.55,98.91,98.06,98.55,4832300
2022-11-29 19:00:00-05:00,98.67,101.08,97.09,100.97,12737300
2022-11-30 19:00:00-05:00,101.59,101.98,100.76,101.30,5076200
2022-12-01 19:00:00-05:00,100.19,101.50,99.68,101.45,4944100
2022-12-04 19:00:00-05:00,100.32,100.48,98.61,98.94,4687100
2022-12-05 19:00:00-05:00,98.54,98.94,96.80,97.48,4175700
2022-12-06 19:00:00-05:00,97.63,99.01,97.63,98.37,3592400
2022-12-07 19:00:00-05:00,98.23,100.51,97.83,100.35,4607700
2022-12-08 19:00:00-05:00,100.17,101.82,99.91,100.91,5346400
2022-12-11 19:00:00-05:00,101.11,102.86,101.11,102.76,4752500
2022-12-12 19:00:00-05:00,105.42,105.78,104.24,104.68,6246000
2022-12-13 19:00:00-05:00,104.53,105.97,103.74,104.43,5614900
2022-12-14 19:00:00-05:00,103.10,103.24,101.75,101.85,4947800
2022-12-15 19:00:00-05:00,101.08,101.23,99.28,100.34,7976100
2022-12-18 19:00:00-05:00,100.18,100.60,99.33,100.04,4352000
2022-12-19 19:00:00-05:00,100.06,100.42,99.13,99.95,3673000
2022-12-20 19:00:00-05:00,100.51,101.73,100.48,101.50,3228600
2022-12-21 19:00:00-05:00,101.09,101.52,99.70,101.39,3311100
2022-12-22 19:00:00-05:00,101.06,101.74,100.52,101.54,2618400
2022-12-26 19:00:00-05:00,101.69,102.35,100.78,101.90,2927400
2022-12-27 19:00:00-05:00,102.32,103.34,101.12,101.21,3265200
2022-12-28 19:00:00-05:00,102.07,103.96,101.80,103.53,3047800
2022-12-29 19:00:00-05:00,103.06,103.36,101.99,103.05,3471000
2023-01-02 19:00:00-05:00,103.72,104.49,102.07,102.85,4171900
2023-01-03 19:00:00-05:00,104.19,105.06,103.57,104.38,4395500
2023-01-04 19:00:00-05:00,104.28,104.85,103.58,103.99,4896900
2023-01-05 19:00:00-05:00,105.12,105.82,103.44,105.43,3800400
2023-01-08 19:00:00-05:00,106.55,106.69,105.14,105.26,7277700
2023-01-09 19:00:00-05:00,105.59,107.07,105.42,106.86,5591700
2023-01-10 19:00:00-05:00,107.81,108.58,105.25,106.20,5350300
2023-01-11 19:00:00-05:00,105.59,105.96,104.55,104.99,4697700
2023-01-12 19:00:00-05:00,104.91,107.38,104.83,107.02,5348700
2023-01-16 19:00:00-05:00,107.01,107.75,106.60,106.91,5711000
2023-01-17 19:00:00-05:00,106.74,107.09,104.83,105.13,4288500
2023-01-18 19:00:00-05:00,104.71,105.90,104.27,105.41,6157700
2023-01-19 19:00:00-05:00,105.79,106.58,105.27,106.37,5078300
2023-01-22 19:00:00-05:00,106.00,108.14,105.99,107.49,6115300
2023-01-23 19:00:00-05:00,106.41,107.16,105.86,106.10,4662000
2023-01-24 19:00:00-05:00,103.71,105.82,103.32,104.65,6070800
2023-01-25 19:00:00-05:00,104.89,105.24,103.81,104.72,4159500
2023-01-26 19:00:00-05:00,104.32,104.90,103.53,103.66,4860600
2023-01-29 19:00:00-05:00,103.53,104.34,103.35,103.53,4434800
2023-01-30 19:00:00-05:00,103.51,104.33,102.65,104.23,5698300
2023-01-31 19:00:00-05:00,104.45,105.68,103.40,105.43,4532300
2023-02-01 19:00:00-05:00,104.92,105.95,104.55,105.83,5051800
2023-02-02 19:00:00-05:00,105.42,105.91,104.33,105.40,3754500
2023-02-05 19:00:00-05:00,105.19,105.30,104.14,104.42,4145600
2023-02-06 19:00:00-05:00,103.75,105.98,103.60,105.59,3401600
2023-02-07 19:00:00-05:00,105.03,105.47,103.48,103.90,4222300
2023-02-08 19:00:00-05:00,104.36,104.91,101.36,101.89,3912700
2023-02-09 19:00:00-05:00,102.07,102.67,101.64,101.98,4186300
2023-02-12 19:00:00-05:00,102.13,102.90,101.61,102.32,3711000
2023-02-13 19:00:00-05:00,102.00,102.15,100.28,101.13,4244000
2023-02-14 19:00:00-05:00,100.66,101.17,100.20,101.15,4060300
2023-02-15 19:00:00-05:00,99.72,101.25,99.63,100.01,3299000
2023-02-16 19:00:00-05:00,99.51,100.84,99.46,100.64,3564100
2023-02-20 19:00:00-05:00,99.80,100.07,97.44,97.72,5204300
2023-02-21 19:00:00-05:00,97.34,97.91,94.75,96.82,8900900
2023-02-22 19:00:00-05:00,97.34,97.85,95.85,96.69,4611100
2023-02-23 19:00:00-05:00,95.65,95.98,94.18,94.72,5476800
2023-02-26 19:00:00-05:00,95.49,95.52,93.96,94.07,4489800
2023-02-27 19:00:00-05:00,94.13,96.56,93.99,95.90,7877000
2023-02-28 19:00:00-05:00,94.94,95.56,94.65,95.07,3963500
2023-03-01 19:00:00-05:00,94.54,97.09,94.54,96.76,5209900
2023-03-02 19:00:00-05:00,97.02,98.53,96.88,98.48,4982400
2023-03-05 19:00:00-05:00,98.53,98.62,96.76,96.88,5005100
2023-03-06 19:00:00-05:00,96.98,97.21,94.11,94.26,6349000
2023-03-07 19:00:00-05:00,94.21,94.54,93.58,93.72,6252600
2023-03-08 19:00:00-05:00,94.18,94.25,91.93,92.26,5146000
2023-03-09 19:00:00-05:00,92.17,92.77,91.04,91.42,7042400
2023-03-12 20:00:00-04:00,91.08,93.53,90.88,92.58,6553000
2023-03-13 20:00:00-04:00,93.60,93.81,91.77,92.92,5093900
2023-03-14 20:00:00-04:00,91.93,92.34,91.17,92.21,5712100
2023-03-15 20:00:00-04:00,91.51,93.60,91.45,93.37,5289100
2023-03-16 20:00:00-04:00,93.35,93.53,90.99,91.46,10848100
2023-03-19 20:00:00-04:00,91.70,92.59,91.62,92.27,6075700
2023-03-20 20:00:00-04:00,92.56,92.78,91.73,92.71,4475000
2023-03-21 20:00:00-04:00,92.97,93.63,91.30,91.32,3606700
2023-03-22 20:00:00-04:00,91.36,92.22,90.93,91.49,4525000
2023-03-23 20:00:00-04:00,91.49,92.47,91.27,92.44,5269100
2023-03-26 20:00:00-04:00,93.34,93.79,92.65,92.83,4627700
2023-03-27 20:00:00-04:00,92.49,92.62,91.09,91.56,4815400
2023-03-28 20:00:00-04:00,92.41,93.09,91.69,92.98,6780200
2023-03-29 20:00:00-04:00,93.70,93.79,92.88,93.42,5199300
2023-03-30 20:00:00-04:00,94.21,95.61,94.03,95.47,6442400
2023-04-02 20:00:00-04:00,95.04,95.85,94.32,95.78,5432400
2023-04-03 20:00:00-04:00,96.07,97.43,96.01,96.92,7979000
2023-04-04 20:00:00-04:00,96.76,98.33,96.64,98.25,7298300
2023-04-05 20:00:00-04:00,98.52,99.52,98.22,98.93,5065000
2023-04-09 20:00:00-04:00,98.45,98.91,97.17,97.77,4900200
2023-04-10 20:00:00-04:00,98.24,98.71,97.21,97.38,4658000
2023-04-11 20:00:00-04:00,97.48,97.90,96.46,96.70,4560700
2023-04-12 20:00:00-04:00,97.36,98.27,96.46,98.17,4778700
2023-04-13 20:00:00-04:00,98.17,98.88,98.03,98.51,5043700
2023-04-16 20:00:00-04:00,98.54,99.35,98.54,99.04,4806400
2023-04-17 20:00:00-04:00,99.91,100.15,98.48,98.69,6552100
2023-04-18 20:00:00-04:00,102.81,106.79,102.48,106.40,12425400
2023-04-19 20:00:00-04:00,106.36,106.40,104.23,104.56,7413200
2023-04-20 20:00:00-04:00,105.06,106.24,105.06,105.80,6301100
2023-04-23 20:00:00-04:00,105.89,105.89,104.36,104.61,5341900
2023-04-24 20:00:00-04:00,104.60,104.73,103.92,104.20,5636700
2023-04-25 20:00:00-04:00,103.58,103.68,102.59,103.04,4240000
2023-04-26 20:00:00-04:00,103.01,103.79,102.02,103.76,4257200
2023-04-27 20:00:00-04:00,103.70,105.03,103.63,104.67,4835900
2023-04-30 20:00:00-04:00,104.67,105.72,104.16,105.28,3722900
2023-05-01 20:00:00-04:00,105.23,106.07,104.64,105.65,4998000
2023-05-02 20:00:00-04:00,105.94,107.02,105.58,105.90,5602000
2023-05-03 20:00:00-04:00,105.60,105.64,104.76,105.04,4070700
2023-05-04 20:00:00-04:00,105.53,105.89,105.22,105.42,4025000
2023-05-07 20:00:00-04:00,104.67,105.73,104.50,105.08,2445500
2023-05-08 20:00:00-04:00,104.35,105.21,103.56,104.47,3274300
2023-05-09 20:00:00-04:00,105.08,105.15,103.88,104.88,3129100
2023-05-10 20:00:00-04:00,104.29,104.67,103.53,104.28,3879400
2023-05-11 20:00:00-04:00,104.00,104.75,103.74,104.69,3325000
2023-05-14 20:00:00-04:00,104.84,105.16,103.79,104.08,3020000
2023-05-15 20:00:00-04:00,103.79,104.67,103.53,103.65,3393800
2023-05-16 20:00:00-04:00,104.01,104.21,102.31,103.11,3801000
2023-05-17 20:00:00-04:00,103.03,103.13,102.21,102.78,3481600
2023-05-18 20:00:00-04:00,103.26,104.21,102.71,103.22,4487700
2023-05-21 20:00:00-04:00,102.98,103.58,102.40,102.57,2809500
2023-05-22 20:00:00-04:00,101.67,101.84,99.98,100.19,4337800
2023-05-23 20:00:00-04:00,100.11,100.11,98.53,98.58,4507600
2023-05-24 20:00:00-04:00,97.85,98.10,96.02,96.78,6734500
2023-05-25 20:00:00-04:00,96.79,98.02,96.68,97.47,4911800
2023-05-29 20:00:00-04:00,96.89,97.14,96.24,96.37,5168700
2023-05-30 20:00:00-04:00,96.18,96.90,95.11,96.65,7063400
2023-05-31 20:00:00-04:00,96.56,97.50,95.62,97.43,4603900
2023-06-01 20:00:00-04:00,97.89,99.02,97.45,98.73,6024300
2023-06-04 20:00:00-04:00,98.60,99.50,97.92,98.32,3565900
2023-06-05 20:00:00-04:00,98.42,98.58,96.86,97.24,4044300
2023-06-06 20:00:00-04:00,97.05,97.11,95.94,96.33,6231200
2023-06-07 20:00:00-04:00,95.94,96.06,95.29,95.49,5159000
2023-06-08 20:00:00-04:00,95.67,96.63,95.27,96.36,4276000
2023-06-11 20:00:00-04:00,96.50,96.56,95.50,96.08,3629100
2023-06-12 20:00:00-04:00,96.17,96.72,95.64,96.52,4642200
2023-06-13 20:00:00-04:00,97.89,98.69,97.43,97.83,5020600
2023-06-14 20:00:00-04:00,97.84,99.79,97.70,99.51,6378600
2023-06-15 20:00:00-04:00,99.91,100.98,99.84,100.63,10020900
2023-06-19 20:00:00-04:00,99.68,102.02,99.40,101.10,6573100
2023-06-20 20:00:00-04:00,101.03,101.16,100.07,100.68,4428600
2023-06-21 20:00:00-04:00,101.09,102.68,100.86,102.57,5480300
2023-06-22 20:00:00-04:00,102.52,102.81,101.74,102.38,5647000
2023-06-25 20:00:00-04:00,102.43,103.48,101.20,102.82,6134700
2023-06-26 20:00:00-04:00,103.18,103.22,101.17,102.14,4849700
2023-06-27 20:00:00-04:00,102.30,102.48,101.73,101.96,3900000
2023-06-28 20:00:00-04:00,101.41,102.20,101.36,102.01,3417400
2023-06-29 20:00:00-04:00,102.33,103.60,102.05,103.30,4449200
2023-07-02 20:00:00-04:00,102.57,102.79,101.41,101.60,2268000
2023-07-04 20:00:00-04:00,101.12,102.17,100.87,101.74,4968600
2023-07-05 20:00:00-04:00,101.15,101.81,100.57,101.58,5325000
2023-07-06 20:00:00-04:00,100.72,102.27,100.51,100.77,5053700
2023-07-09 20:00:00-04:00,100.99,102.10,100.71,101.41,5259500
2023-07-10 20:00:00-04:00,101.41,102.03,101.17,101.86,3899700
2023-07-11 20:00:00-04:00,102.39,102.53,101.06,101.24,4845300
2023-07-12 20:00:00-04:00,101.58,102.62,101.35,102.58,4936800
2023-07-13 20:00:00-04:00,102.82,103.27,102.04,102.76,4016000
2023-07-16 20:00:00-04:00,102.39,102.55,101.60,101.87,4580800
2023-07-17 20:00:00-04:00,101.69,102.05,100.88,101.83,3913900
2023-07-18 20:00:00-04:00,101.94,102.91,101.93,102.14,6225900
2023-07-19 20:00:00-04:00,102.92,107.18,102.62,106.47,8768600
2023-07-20 20:00:00-04:00,107.44,109.29,106.95,108.81,7062700
2023-07-23 20:00:00-04:00,108.39,110.28,107.76,109.13,5665900
2023-07-24 20:00:00-04:00,107.69,108.06,107.12,107.52,4732500
2023-07-25 20:00:00-04:00,107.11,108.82,107.00,108.61,3682500
2023-07-26 20:00:00-04:00,108.98,109.10,107.12,107.25,4762900
2023-07-27 20:00:00-04:00,107.76,108.08,106.94,107.33,3409200
2023-07-30 20:00:00-04:00,107.44,107.48,105.40,106.00,3930800
2023-07-31 20:00:00-04:00,105.41,105.92,105.01,105.23,3733700
2023-08-01 20:00:00-04:00,104.75,104.92,102.88,103.42,4699400
2023-08-02 20:00:00-04:00,102.55,103.12,102.01,102.39,4947700
2023-08-03 20:00:00-04:00,102.18,103.57,102.14,102.49,3231100
2023-08-06 20:00:00-04:00,102.82,103.39,102.47,103.25,3632500
2023-08-07 20:00:00-04:00,102.44,102.44,98.70,100.52,7544300
2023-08-08 20:00:00-04:00,100.44,101.78,100.14,100.25,5135200
2023-08-09 20:00:00-04:00,100.43,101.87,99.61,99.72,4708200
2023-08-10 20:00:00-04:00,99.23,100.36,98.72,100.26,3478600
2023-08-13 20:00:00-04:00,100.10,101.13,100.10,101.02,3076100
2023-08-14 20:00:00-04:00,101.06,101.06,99.54,99.91,3150600
2023-08-15 20:00:00-04:00,99.45,100.33,99.44,99.52,4086400
2023-08-16 20:00:00-04:00,100.16,100.84,99.47,99.90,4175200
2023-08-17 20:00:00-04:00,99.55,100.03,98.33,98.74,4809700
2023-08-20 20:00:00-04:00,98.81,99.41,98.41,98.89,2954700
2023-08-21 20:00:00-04:00,98.90,100.47,98.75,100.11,4840100
2023-08-22 20:00:00-04:00,100.64,101.03,99.78,100.09,3403300
2023-08-23 20:00:00-04:00,99.88,100.78,98.66,98.78,3529500
2023-08-24 20:00:00-04:00,99.04,99.76,98.34,99.22,3000800
2023-08-27 20:00:00-04:00,100.04,100.18,97.01,97.86,5862500
2023-08-28 20:00:00-04:00,98.29,98.96,98.05,98.89,4515600
2023-08-29 20:00:00-04:00,99.09,100.04,99.09,99.41,3711300
2023-08-30 20:00:00-04:00,99.51,99.57,97.93,97.97,4042300
2023-08-31 20:00:00-04:00,98.45,98.82,97.65,97.92,2641100
2023-09-04 20:00:00-04:00,97.86,97.92,96.04,96.05,4284000
2023-09-05 20:00:00-04:00,96.17,97.17,94.99,96.69,5094400
2023-09-06 20:00:00-04:00,97.10,97.38,95.69,95.85,3863200
2023-09-07 20:00:00-04:00,95.78,95.99,95.06,95.90,3521300
2023-09-10 20:00:00-04:00,95.97,98.19,95.73,97.54,4891100
2023-09-11 20:00:00-04:00,97.46,97.99,96.73,97.49,3531400
2023-09-12 20:00:00-04:00,97.18,98.48,97.17,97.77,3192500
2023-09-13 20:00:00-04:00,98.27,98.65,97.61,97.73,4086600
2023-09-14 20:00:00-04:00,97.92,97.96,96.62,96.86,8303300
2023-09-17 20:00:00-04:00,97.18,97.18,95.92,96.16,3652600
2023-09-18 20:00:00-04:00,96.52,97.07,95.34,95.85,4090800
2023-09-19 20:00:00-04:00,96.34,96.49,95.47,95.47,3966000
2023-09-20 20:00:00-04:00,95.21,95.40,94.11,94.19,3943700
2023-09-21 20:00:00-04:00,94.16,94.19,93.32,93.45,4357800
2023-09-24 20:00:00-04:00,93.28,93.50,92.50,92.80,4096300
2023-09-25 20:00:00-04:00,92.40,92.86,91.43,91.62,3967700
2023-09-26 20:00:00-04:00,91.96,92.29,90.22,90.95,5391000
2023-09-27 20:00:00-04:00,91.67,93.57,91.51,93.42,6092800
2023-09-28 20:00:00-04:00,93.73,93.79,91.86,92.21,5150500
2023-10-01 20:00:00-04:00,91.17,91.30,90.00,91.14,4349200
2023-10-02 20:00:00-04:00,90.94,91.56,90.05,91.20,4597500
2023-10-03 20:00:00-04:00,91.30,91.72,90.29,91.07,4336100
2023-10-04 20:00:00-04:00,91.17,92.06,90.54,91.59,5708300
2023-10-05 20:00:00-04:00,91.22,92.84,90.88,92.24,4790500
2023-10-08 20:00:00-04:00,91.79,92.36,91.20,92.12,3958300
2023-10-09 20:00:00-04:00,92.18,93.77,91.96,92.89,4352200
2023-10-10 20:00:00-04:00,92.50,92.50,87.64,88.20,9269300
2023-10-11 20:00:00-04:00,88.32,89.11,85.85,86.34,7387000
2023-10-12 20:00:00-04:00,86.05,87.75,85.98,86.99,5623600
2023-10-15 20:00:00-04:00,87.21,88.90,86.99,88.25,6452300
2023-10-16 20:00:00-04:00,88.03,89.04,87.37,88.21,8288600
2023-10-17 20:00:00-04:00,91.91,92.38,87.74,91.48,16482600
2023-10-18 20:00:00-04:00,92.42,92.42,89.76,91.37,8537800
2023-10-19 20:00:00-04:00,91.19,93.96,91.19,92.65,11517800
2023-10-22 20:00:00-04:00,92.75,93.96,91.58,91.70,6178800
2023-10-23 20:00:00-04:00,91.33,91.74,90.32,90.77,6677000
2023-10-24 20:00:00-04:00,90.53,90.60,88.83,89.58,8157700
2023-10-25 20:00:00-04:00,89.09,90.71,89.08,89.97,6838100
2023-10-26 20:00:00-04:00,90.71,91.25,88.44,88.89,5934100
2023-10-29 20:00:00-04:00,89.54,89.85,87.73,89.03,7168900
2023-10-30 20:00:00-04:00,89.90,90.85,89.15,90.52,7452300
2023-10-31 20:00:00-04:00,90.80,91.90,90.53,90.96,6985000
2023-11-01 20:00:00-04:00,90.93,92.07,90.41,91.87,4683100
2023-11-02 20:00:00-04:00,92.86,93.03,91.58,91.75,5652600
2023-11-05 19:00:00-05:00,91.48,91.72,90.38,90.95,6137400
2023-11-06 19:00:00-05:00,90.88,91.37,90.47,90.76,4466500
2023-11-07 19:00:00-05:00,91.16,91.65,89.79,90.70,4416000
2023-11-08 19:00:00-05:00,90.83,91.13,89.41,89.56,5007900
2023-11-09 19:00:00-05:00,89.70,90.20,88.49,89.96,5479100
2023-11-12 19:00:00-05:00,91.59,92.62,90.47,91.70,6894800
2023-11-13 19:00:00-05:00,92.21,93.67,92.10,92.94,5527100
2023-11-14 19:00:00-05:00,93.22,94.14,92.79,93.82,5370500
2023-11-15 19:00:00-05:00,93.55,96.07,93.48,95.98,7603200
2023-11-16 19:00:00-05:00,96.15,96.45,95.02,95.30,6069100
2023-11-19 19:00:00-05:00,94.73,96.99,94.73,96.88,6869100
2023-11-20 19:00:00-05:00,97.14,98.21,96.68,97.56,7111600
2023-11-21 19:00:00-05:00,97.92,98.82,97.73,98.32,6470600
2023-11-23 19:00:00-05:00,98.30,98.78,97.83,98.48,2166800
2023-11-26 19:00:00-05:00,98.22,99.06,97.89,98.33,4572500
2023-11-27 19:00:00-05:00,98.09,98.12,97.03,97.71,3607600
2023-11-28 19:00:00-05:00,97.96,99.41,97.87,99.21,5458700
2023-11-29 19:00:00-05:00,99.33,100.25,98.71,99.84,16766200
2023-11-30 19:00:00-05:00,99.78,100.50,99.47,100.41,4682300
2023-12-03 19:00:00-05:00,99.96,101.01,99.85,100.70,4717700
2023-12-04 19:00:00-05:00,100.52,100.76,99.52,99.90,4315500
2023-12-05 19:00:00-05:00,100.17,100.77,99.45,100.46,4296000
2023-12-06 19:00:00-05:00,100.70,100.72,99.53,99.61,5199000
2023-12-07 19:00:00-05:00,99.68,100.39,99.68,100.05,3426800
2023-12-10 19:00:00-05:00,99.77,101.72,99.77,101.69,5208200
2023-12-11 19:00:00-05:00,101.83,102.65,101.06,102.13,5354500
2023-12-12 19:00:00-05:00,101.49,102.70,101.38,102.68,6534800
2023-12-13 19:00:00-05:00,103.23,104.04,102.13,103.97,6611600
2023-12-14 19:00:00-05:00,103.26,103.37,101.97,102.71,13316300
2023-12-17 19:00:00-05:00,103.05,103.99,102.59,103.45,5142800
2023-12-18 19:00:00-05:00,103.54,104.08,102.85,103.80,4675100
2023-12-19 19:00:00-05:00,103.25,104.18,102.72,102.82,5666200
2023-12-20 19:00:00-05:00,102.84,104.05,102.61,103.85,3555600
2023-12-21 19:00:00-05:00,104.22,104.68,103.87,104.38,2565700
2023-12-25 19:00:00-05:00,103.88,105.05,103.88,104.57,2513400
2023-12-26 19:00:00-05:00,104.39,105.12,104.39,105.11,2471800
2023-12-27 19:00:00-05:00,105.17,105.99,105.04,105.69,3206100
2023-12-28 19:00:00-05:00,105.69,106.01,105.15,105.38,3550200
2024-01-01 19:00:00-05:00,104.89,106.27,104.89,105.17,5058600
2024-01-02 19:00:00-05:00,105.44,105.55,104.63,104.85,4239600
2024-01-03 19:00:00-05:00,105.00,106.29,104.84,106.25,5296100
2024-01-04 19:00:00-05:00,105.99,106.31,105.34,106.07,4127700
2024-01-07 19:00:00-05:00,106.39,107.72,106.19,107.61,5030400
2024-01-08 19:00:00-05:00,107.37,108.70,107.28,107.92,3802100
2024-01-09 19:00:00-05:00,108.23,109.53,108.00,109.52,4672100
2024-01-10 19:00:00-05:00,108.95,109.41,108.31,109.18,5163900
2024-01-11 19:00:00-05:00,109.83,110.57,109.14,109.59,3884800
2024-01-15 19:00:00-05:00,109.19,109.73,108.62,109.43,5876000
2024-01-16 19:00:00-05:00,109.30,110.15,109.13,109.60,4672000
2024-01-17 19:00:00-05:00,109.86,110.21,109.10,109.68,5098000
2024-01-18 19:00:00-05:00,109.31,110.49,109.15,110.33,6843100
2024-01-21 19:00:00-05:00,110.56,111.24,109.80,109.85,5062500
2024-01-22 19:00:00-05:00,110.10,111.11,108.58,109.67,5037300
2024-01-23 19:00:00-05:00,106.54,109.04,105.57,106.56,8710800
2024-01-24 19:00:00-05:00,107.17,108.29,106.58,108.17,5648600
2024-01-25 19:00:00-05:00,108.92,109.10,107.30,107.75,5176600
2024-01-28 19:00:00-05:00,107.89,109.16,107.77,109.14,6480600
2024-01-29 19:00:00-05:00,109.57,109.59,108.11,109.17,4768400
2024-01-30 19:00:00-05:00,109.67,110.18,108.34,108.85,8325200
2024-01-31 19:00:00-05:00,108.46,110.18,107.74,110.14,4520300
2024-02-01 19:00:00-05:00,108.66,109.72,107.72,107.85,7575700
2024-02-04 19:00:00-05:00,107.76,108.18,106.92,107.40,5670000
2024-02-05 19:00:00-05:00,107.57,110.16,107.47,109.67,4734600
2024-02-06 19:00:00-05:00,110.24,110.24,108.60,109.00,4757500
2024-02-07 19:00:00-05:00,109.04,109.04,107.28,108.16,6980500
2024-02-08 19:00:00-05:00,107.98,108.35,106.96,107.56,5947500
2024-02-11 19:00:00-05:00,107.26,108.35,106.98,108.25,4232100
2024-02-12 19:00:00-05:00,108.19,108.81,106.38,107.11,4263400
2024-02-13 19:00:00-05:00,107.40,108.11,106.89,107.80,3991100
2024-02-14 19:00:00-05:00,108.00,109.93,108.00,109.32,5450700
2024-02-15 19:00:00-05:00,109.18,111.10,109.14,109.68,7161100
2024-02-19 19:00:00-05:00,109.98,112.73,109.63,112.21,9601100
2024-02-20 19:00:00-05:00,111.55,113.49,111.55,113.39,6144600
2024-02-21 19:00:00-05:00,113.61,114.72,112.36,114.49,4916100
2024-02-22 19:00:00-05:00,114.84,115.58,114.34,114.92,4261300
2024-02-25 19:00:00-05:00,114.96,115.39,113.89,114.18,3483100
2024-02-26 19:00:00-05:00,113.67,114.96,113.35,114.86,3203300
2024-02-27 19:00:00-05:00,114.95,115.54,114.74,115.49,3383800
2024-02-28 19:00:00-05:00,115.75,115.87,114.02,114.13,6135200
2024-02-29 19:00:00-05:00,114.06,114.92,113.35,114.11,3899400
2024-03-03 19:00:00-05:00,113.80,115.71,113.68,115.48,3164000
2024-03-04 19:00:00-05:00,115.86,116.01,113.59,113.98,3502300
2024-03-05 19:00:00-05:00,114.09,115.03,113.92,114.80,3388700
2024-03-06 19:00:00-05:00,115.53,116.88,115.39,116.32,4200800
2024-03-07 19:00:00-05:00,116.37,117.01,116.02,116.36,3357400
2024-03-10 20:00:00-04:00,116.33,116.80,115.07,115.62,3886000
2024-03-11 20:00:00-04:00,115.39,116.48,114.53,116.17,3079700
2024-03-12 20:00:00-04:00,115.94,116.33,115.07,115.59,3421700
2024-03-13 20:00:00-04:00,115.45,115.76,113.37,114.33,4952200
2024-03-14 20:00:00-04:00,108.72,111.10,107.99,111.10,22415700
2024-03-17 20:00:00-04:00,110.96,111.36,108.02,108.16,12991000
2024-03-18 20:00:00-04:00,108.16,110.07,107.78,108.86,8299200
2024-03-19 20:00:00-04:00,108.70,108.93,106.52,107.26,8317300
2024-03-20 20:00:00-04:00,107.69,107.88,106.79,107.27,9722700
2024-03-21 20:00:00-04:00,107.28,107.72,106.34,106.37,5387700
2024-03-24 20:00:00-04:00,106.25,106.59,104.96,105.83,6622400
2024-03-25 20:00:00-04:00,106.29,107.65,105.75,107.26,7770600
2024-03-26 20:00:00-04:00,107.74,109.38,107.68,109.17,7533400
2024-03-27 20:00:00-04:00,108.97,109.68,108.64,109.34,5278000
2024-03-31 20:00:00-04:00,109.34,109.34,107.57,107.83,3964000
2024-04-01 20:00:00-04:00,107.64,108.15,106.95,107.76,4560700
2024-04-02 20:00:00-04:00,107.88,108.27,106.83,107.05,4409900
2024-04-03 20:00:00-04:00,107.59,107.74,105.66,105.92,4799700
2024-04-04 20:00:00-04:00,105.53,107.03,105.38,106.97,5591200
2024-04-07 20:00:00-04:00,107.07,107.24,105.95,106.32,5810500
2024-04-08 20:00:00-04:00,106.39,108.29,106.38,108.16,4235700
2024-04-09 20:00:00-04:00,106.99,107.42,106.15,106.94,3965500
2024-04-10 20:00:00-04:00,107.40,107.72,106.12,107.21,4321500
2024-04-11 20:00:00-04:00,106.60,106.83,104.88,105.48,4041500
2024-04-14 20:00:00-04:00,106.43,107.20,105.21,105.27,4595600
2024-04-15 20:00:00-04:00,105.22,106.66,104.54,105.58,7283900
2024-04-16 20:00:00-04:00,103.95,105.10,100.78,102.38,12002900
2024-04-17 20:00:00-04:00,102.96,103.47,101.00,101.77,7306400
2024-04-18 20:00:00-04:00,102.46,104.19,101.88,103.71,10533600
2024-04-21 20:00:00-04:00,103.91,104.31,102.74,103.51,4948300
2024-04-22 20:00:00-04:00,104.09,104.52,103.74,104.01,3849600
2024-04-23 20:00:00-04:00,103.16,103.55,102.05,103.34,5052700
2024-04-24 20:00:00-04:00,103.10,103.89,102.61,103.31,3112300
2024-04-25 20:00:00-04:00,102.97,104.27,102.85,103.95,3575600
2024-04-28 20:00:00-04:00,103.82,104.59,103.06,103.70,3305100
2024-04-29 20:00:00-04:00,102.98,103.32,102.38,102.45,5074000
2024-04-30 20:00:00-04:00,102.41,103.60,102.39,102.76,4096800
2024-05-01 20:00:00-04:00,103.11,103.11,101.65,102.40,3708500
2024-05-02 20:00:00-04:00,102.58,103.09,101.97,102.38,3610300
2024-05-05 20:00:00-04:00,102.58,102.64,101.64,102.13,3789500
2024-05-06 20:00:00-04:00,102.98,103.06,102.27,102.64,6556400
2024-05-07 20:00:00-04:00,102.80,102.80,100.81,101.45,6234700
2024-05-08 20:00:00-04:00,101.25,101.52,101.03,101.19,5902000
2024-05-09 20:00:00-04:00,101.03,102.16,100.95,101.26,7349600
2024-05-12 20:00:00-04:00,101.50,101.99,100.93,101.29,5459200
2024-05-13 20:00:00-04:00,101.36,101.63,99.92,100.55,7035100
2024-05-14 20:00:00-04:00,100.64,101.34,100.64,101.11,5443200
2024-05-15 20:00:00-04:00,100.98,101.69,100.70,101.38,8708300
2024-05-16 20:00:00-04:00,100.94,101.32,100.48,100.63,7004600
2024-05-19 20:00:00-04:00,100.33,100.35,99.59,99.78,7165900
2024-05-20 20:00:00-04:00,100.08,100.41,99.00,99.54,4391600
2024-05-21 20:00:00-04:00,99.53,101.64,99.52,101.33,5933400
2024-05-22 20:00:00-04:00,100.50,101.42,100.00,100.76,5862200
2024-05-23 20:00:00-04:00,100.69,100.90,100.14,100.49,4455600
2024-05-27 20:00:00-04:00,100.13,100.15,98.18,98.56,4771100
2024-05-28 20:00:00-04:00,97.73,98.39,97.29,97.38,4960900
2024-05-29 20:00:00-04:00,97.91,99.20,97.51,98.36,5124000
2024-05-30 20:00:00-04:00,98.47,98.90,98.02,98.79,7915700
2024-06-02 20:00:00-04:00,98.77,100.67,98.53,99.45,4915100
2024-06-03 20:00:00-04:00,99.38,100.05,99.13,99.99,3880400
2024-06-04 20:00:00-04:00,99.51,99.98,98.59,99.80,3302300
2024-06-05 20:00:00-04:00,99.86,101.51,99.39,100.80,9835500
2024-06-06 20:00:00-04:00,100.41,104.53,99.93,104.00,8666600
2024-06-09 20:00:00-04:00,104.05,105.36,103.48,103.92,8555900
2024-06-10 20:00:00-04:00,103.75,103.75,102.02,102.29,7536000
2024-06-11 20:00:00-04:00,102.39,102.39,100.82,100.91,4569000
2024-06-12 20:00:00-04:00,100.19,100.25,99.19,100.01,4719500
2024-06-13 20:00:00-04:00,99.86,100.27,99.02,100.23,3683100
2024-06-16 20:00:00-04:00,99.49,100.48,99.13,100.01,3936200
2024-06-17 20:00:00-04:00,99.83,100.63,99.82,100.53,4501000
2024-06-19 20:00:00-04:00,100.09,103.29,100.03,103.03,9154900
2024-06-20 20:00:00-04:00,103.11,103.37,101.74,102.20,10324700
2024-06-23 20:00:00-04:00,102.76,102.76,101.45,101.80,5201300
2024-06-24 20:00:00-04:00,101.90,102.46,101.33,101.98,4637400
2024-06-25 20:00:00-04:00,101.60,102.14,100.85,101.39,5406600
2024-06-26 20:00:00-04:00,101.75,101.82,100.46,101.17,4137600
2024-06-27 20:00:00-04:00,101.22,101.66,100.09,100.45,8283600
2024-06-30 20:00:00-04:00,100.70,102.00,99.20,99.77,4588900
2024-07-01 20:00:00-04:00,99.29,99.95,99.29,99.77,3650500
2024-07-02 20:00:00-04:00,99.92,100.21,98.78,98.93,2017800
2024-07-04 20:00:00-04:00,98.64,100.61,98.38,100.56,6582700
2024-07-07 20:00:00-04:00,100.33,100.40,98.55,98.72,4542000
2024-07-08 20:00:00-04:00,98.99,99.18,97.40,98.26,6268500
2024-07-09 20:00:00-04:00,98.05,99.65,97.90,99.62,6598900
2024-07-10 20:00:00-04:00,99.94,101.16,99.63,100.72,5025300
2024-07-11 20:00:00-04:00,101.19,101.44,100.65,100.75,4277600
2024-07-14 20:00:00-04:00,101.01,101.23,99.70,100.06,4970800
2024-07-15 20:00:00-04:00,100.03,100.95,99.63,99.83,7656900
2024-07-16 20:00:00-04:00,99.76,102.68,99.62,101.74,13438300
2024-07-17 20:00:00-04:00,99.51,101.22,96.91,97.26,13078800
2024-07-18 20:00:00-04:00,97.78,99.52,97.27,99.16,11963600
2024-07-21 20:00:00-04:00,99.62,100.91,99.43,100.80,7880300
2024-07-22 20:00:00-04:00,101.08,101.40,100.46,101.00,5894500
2024-07-23 20:00:00-04:00,101.29,104.29,100.63,104.24,8680900
2024-07-24 20:00:00-04:00,104.01,105.65,102.94,102.98,6356600
2024-07-25 20:00:00-04:00,103.47,104.13,101.72,102.28,8611600
2024-07-28 20:00:00-04:00,97.76,102.22,97.11,101.82,19452700
2024-07-29 20:00:00-04:00,101.81,102.71,99.89,102.36,9126300
2024-07-30 20:00:00-04:00,102.53,103.83,100.64,102.96,8238400
2024-07-31 20:00:00-04:00,103.65,107.57,103.34,107.05,9069200
2024-08-01 20:00:00-04:00,107.08,108.89,105.35,108.18,9885700
2024-08-04 20:00:00-04:00,108.21,108.85,105.32,105.58,7121400
2024-08-05 20:00:00-04:00,105.89,107.53,105.58,106.42,5634800
2024-08-06 20:00:00-04:00,106.53,109.19,106.32,106.85,6365100
2024-08-07 20:00:00-04:00,106.86,108.09,106.15,106.67,5476600
2024-08-08 20:00:00-04:00,106.21,106.21,104.66,105.65,5435000
2024-08-11 20:00:00-04:00,105.35,105.35,104.10,104.77,4795900
2024-08-12 20:00:00-04:00,104.77,105.51,104.57,105.20,4920400
2024-08-13 20:00:00-04:00,105.03,107.08,104.68,106.80,5822900
2024-08-14 20:00:00-04:00,107.36,108.20,106.67,107.82,7458500
2024-08-15 20:00:00-04:00,108.23,108.46,107.46,107.88,4643300
2024-08-18 20:00:00-04:00,107.88,109.09,107.72,108.75,3495800
2024-08-19 20:00:00-04:00,108.68,108.94,107.23,107.65,5822400
2024-08-20 20:00:00-04:00,107.85,108.32,107.57,108.26,4081400
2024-08-21 20:00:00-04:00,108.65,109.00,107.93,108.95,3690400
2024-08-22 20:00:00-04:00,109.24,109.61,108.74,109.52,4511600
2024-08-25 20:00:00-04:00,109.57,110.07,108.91,109.53,3212700
2024-08-26 20:00:00-04:00,109.88,109.99,108.99,109.92,2705300
2024-08-27 20:00:00-04:00,109.92,110.23,109.21,109.72,3836700
2024-08-28 20:00:00-04:00,110.11,110.31,109.36,109.59,3375800
2024-08-29 20:00:00-04:00,109.82,110.28,108.74,110.08,4320100
2024-09-02 20:00:00-04:00,110.17,111.60,110.17,111.44,4436900
2024-09-03 20:00:00-04:00,111.46,112.34,110.38,111.18,3659200
2024-09-04 20:00:00-04:00,111.05,111.26,109.36,109.92,2928000
2024-09-05 20:00:00-04:00,110.43,111.12,109.83,110.66,3802200
2024-09-08 20:00:00-04:00,111.24,113.45,111.11,113.16,5101000
2024-09-09 20:00:00-04:00,112.88,113.95,112.18,113.82,4963700
2024-09-10 20:00:00-04:00,113.12,113.44,111.49,113.32,6535600
2024-09-11 20:00:00-04:00,113.22,114.01,112.34,113.54,4349300
2024-09-12 20:00:00-04:00,112.76,113.76,112.68,113.13,3350100
2024-09-15 20:00:00-04:00,113.71,114.37,113.15,114.32,3637100
2024-09-16 20:00:00-04:00,114.49,115.21,113.96,114.81,4982500
2024-09-17 20:00:00-04:00,114.20,114.20,111.30,111.65,5990200
2024-09-18 20:00:00-04:00,112.24,112.41,110.07,110.94,8144100
2024-09-19 20:00:00-04:00,110.55,110.95,110.02,110.50,8403400
2024-09-22 20:00:00-04:00,110.59,111.67,109.78,111.58,5005200
2024-09-23 20:00:00-04:00,111.00,111.19,110.00,110.15,5029800
2024-09-24 20:00:00-04:00,110.62,110.98,108.70,109.44,5159100
2024-09-25 20:00:00-04:00,109.15,109.75,108.95,109.56,3508700
2024-09-26 20:00:00-04:00,109.75,110.19,109.16,109.27,3566400
2024-09-29 20:00:00-04:00,109.40,110.88,108.95,110.80,5035600
2024-09-30 20:00:00-04:00,111.00,111.01,109.63,110.37,4264000
2024-10-01 20:00:00-04:00,110.19,110.59,108.88,110.44,3454000
2024-10-02 20:00:00-04:00,110.32,110.32,108.65,109.07,3472100
2024-10-03 20:00:00-04:00,108.98,109.58,108.54,109.47,4366300
2024-10-06 20:00:00-04:00,109.14,110.41,108.66,110.17,6912900
2024-10-07 20:00:00-04:00,110.55,112.06,110.55,111.41,4341500
2024-10-08 20:00:00-04:00,111.75,113.00,111.34,112.69,4256900
2024-10-09 20:00:00-04:00,112.95,113.56,112.20,112.37,4068300
2024-10-10 20:00:00-04:00,112.94,113.98,112.69,112.85,3471300
2024-10-13 20:00:00-04:00,112.99,114.27,112.72,113.95,3674100
2024-10-14 20:00:00-04:00,114.00,115.57,113.08,113.32,6544900
2024-10-15 20:00:00-04:00,115.23,116.71,113.89,115.05,7356200
2024-10-16 20:00:00-04:00,115.92,115.96,114.43,115.11,5046900
2024-10-17 20:00:00-04:00,115.12,117.03,114.90,116.58,6741800
2024-10-20 20:00:00-04:00,116.09,116.12,113.85,114.24,8303300
2024-10-21 20:00:00-04:00,114.12,114.44,113.11,113.39,5360000
2024-10-22 20:00:00-04:00,113.43,114.39,113.20,114.26,3655600
2024-10-23 20:00:00-04:00,114.45,114.65,113.47,113.80,3768000
2024-10-24 20:00:00-04:00,113.42,113.65,110.54,111.53,5989600
2024-10-27 20:00:00-04:00,112.07,112.13,110.88,111.38,4104700
2024-10-28 20:00:00-04:00,111.45,112.04,110.68,110.73,4543600
2024-10-29 20:00:00-04:00,109.99,112.04,109.85,111.76,5188000
2024-10-30 20:00:00-04:00,110.90,111.78,110.60,110.70,5323200
2024-10-31 20:00:00-04:00,116.93,117.10,114.33,115.81,10149300
2024-11-03 19:00:00-05:00,116.78,117.73,114.71,114.88,5604000
2024-11-04 19:00:00-05:00,114.82,115.47,113.59,114.96,4059200
2024-11-05 19:00:00-05:00,118.15,118.15,112.78,114.05,5256100
2024-11-06 19:00:00-05:00,114.72,114.72,111.84,112.59,5519000
2024-11-07 19:00:00-05:00,112.61,114.49,111.99,113.85,5685700
2024-11-10 19:00:00-05:00,114.19,115.07,113.59,114.05,5301100
2024-11-11 19:00:00-05:00,113.93,114.54,113.68,113.70,4598900
2024-11-12 19:00:00-05:00,113.35,114.06,112.83,113.02,4760800
2024-11-13 19:00:00-05:00,113.25,113.36,112.22,112.32,3812300
2024-11-14 19:00:00-05:00,112.17,113.61,111.74,113.17,6898600
2024-11-17 19:00:00-05:00,112.86,115.16,112.79,114.60,6086500
2024-11-18 19:00:00-05:00,113.80,114.78,112.73,114.37,4542800
2024-11-19 19:00:00-05:00,113.94,114.02,112.81,113.20,5624400
2024-11-20 19:00:00-05:00,112.96,114.87,112.43,114.50,5561900
2024-11-21 19:00:00-05:00,114.46,115.22,113.64,114.99,5349500
2024-11-24 19:00:00-05:00,115.50,115.86,114.81,115.35,6879000
2024-11-25 19:00:00-05:00,115.85,116.20,114.26,115.18,4056800
2024-11-26 19:00:00-05:00,115.56,117.69,115.32,116.15,3510300
2024-11-28 19:00:00-05:00,115.92,116.38,115.09,115.97,2523200
2024-12-01 19:00:00-05:00,115.95,116.01,113.85,114.06,5338900
2024-12-02 19:00:00-05:00,114.34,114.68,113.34,113.55,4794900
2024-12-03 19:00:00-05:00,114.26,114.26,112.58,113.24,3557100
2024-12-04 19:00:00-05:00,112.55,113.55,112.19,112.87,3269800
2024-12-05 19:00:00-05:00,112.42,113.46,112.39,112.88,5300300
2024-12-08 19:00:00-05:00,112.95,113.14,111.17,112.20,4868000
2024-12-09 19:00:00-05:00,112.37,113.65,111.58,112.78,4072100
2024-12-10 19:00:00-05:00,112.60,112.87,111.33,111.45,4747700
2024-12-11 19:00:00-05:00,111.71,112.08,110.63,111.18,3764700
2024-12-12 19:00:00-05:00,111.17,111.60,109.50,110.71,4550500
2024-12-15 19:00:00-05:00,110.05,110.97,109.74,109.97,5047200
2024-12-16 19:00:00-05:00,109.57,111.16,109.56,110.62,5805600
2024-12-17 19:00:00-05:00,110.37,111.46,109.22,109.29,6454600
2024-12-18 19:00:00-05:00,108.91,110.63,108.66,109.77,7738700
2024-12-19 19:00:00-05:00,109.99,112.40,109.87,111.54,12311900
2024-12-22 19:00:00-05:00,111.32,111.81,110.30,111.62,4028200
2024-12-23 19:00:00-05:00,111.45,112.13,110.92,112.06,1480000
2024-12-25 19:00:00-05:00,111.51,113.08,111.14,112.56,2960500
2024-12-26 19:00:00-05:00,112.30,113.22,111.81,112.28,2829500
2024-12-29 19:00:00-05:00,111.44,111.94,109.87,110.14,3475800
2024-12-30 19:00:00-05:00,110.40,111.10,109.90,110.45,3519900
2025-01-01 19:00:00-05:00,111.01,111.28,110.11,110.77,3569100
2025-01-02 19:00:00-05:00,111.26,111.54,110.61,111.15,4416700
2025-01-05 19:00:00-05:00,110.84,111.57,110.13,110.38,6037200
2025-01-06 19:00:00-05:00,110.70,111.99,110.51,110.73,5300100
2025-01-07 19:00:00-05:00,110.87,111.62,109.62,111.56,4455800
2025-01-09 19:00:00-05:00,111.09,111.16,109.16,109.67,5108700
2025-01-12 19:00:00-05:00,109.95,110.72,109.34,110.53,4409700
2025-01-13 19:00:00-05:00,110.89,111.13,109.65,110.36,3972400
2025-01-14 19:00:00-05:00,110.08,110.68,108.82,109.05,6543700
2025-01-15 19:00:00-05:00,108.98,111.85,108.98,111.81,5598700
2025-01-16 19:00:00-05:00,111.53,112.68,111.30,111.39,6459800
2025-01-20 19:00:00-05:00,112.15,114.75,112.04,114.64,8486300
2025-01-21 19:00:00-05:00,112.03,117.73,111.41,115.61,13200700
2025-01-22 19:00:00-05:00,115.95,120.96,115.61,120.95,13089400
2025-01-23 19:00:00-05:00,120.33,123.36,119.93,122.73,9960200
2025-01-26 19:00:00-05:00,124.40,127.37,123.16,127.05,11845100
2025-01-27 19:00:00-05:00,127.36,127.46,124.34,125.04,11948500
2025-01-28 19:00:00-05:00,125.80,126.92,125.28,125.51,7609800
2025-01-29 19:00:00-05:00,125.63,126.81,124.85,126.44,6340400
2025-01-30 19:00:00-05:00,126.01,126.39,125.33,125.57,7129400
2025-02-02 19:00:00-05:00,124.32,126.57,123.69,126.08,5720600
2025-02-03 19:00:00-05:00,124.11,126.82,123.68,126.72,6957400
2025-02-04 19:00:00-05:00,127.05,130.06,126.57,129.63,8680100
2025-02-05 19:00:00-05:00,129.37,129.47,125.78,125.86,6469200
2025-02-06 19:00:00-05:00,125.71,127.11,125.71,126.69,6455200
2025-02-09 19:00:00-05:00,126.69,129.01,126.23,128.89,5503600
2025-02-10 19:00:00-05:00,128.78,129.62,128.07,129.02,5314100
2025-02-11 19:00:00-05:00,128.09,128.39,126.86,128.09,4703700
2025-02-12 19:00:00-05:00,128.52,129.61,128.15,129.36,4168400
2025-02-13 19:00:00-05:00,129.88,130.21,128.12,128.20,3733900
2025-02-17 19:00:00-05:00,127.37,128.41,125.89,127.78,5116200
2025-02-18 19:00:00-05:00,127.86,129.82,127.61,129.70,3806800
2025-02-19 19:00:00-05:00,129.30,130.83,128.93,130.72,5046900
2025-02-20 19:00:00-05:00,129.97,132.92,129.97,132.44,7160100
2025-02-23 19:00:00-05:00,132.01,134.07,131.83,132.46,5947200
2025-02-24 19:00:00-05:00,132.89,133.94,131.89,133.32,6385700
2025-02-25 19:00:00-05:00,132.66,133.80,131.80,133.46,5388000
2025-02-26 19:00:00-05:00,133.22,134.47,132.73,133.37,4890700
2025-02-27 19:00:00-05:00,133.89,135.82,132.27,135.47,8756100
2025-03-02 19:00:00-05:00,135.63,138.25,135.47,137.64,7589800
2025-03-03 19:00:00-05:00,138.40,138.63,135.00,135.05,8356300
2025-03-04 19:00:00-05:00,134.38,135.95,133.53,135.17,8156700
2025-03-05 19:00:00-05:00,134.54,135.18,131.00,132.59,9184200
2025-03-06 19:00:00-05:00,132.03,134.95,131.49,134.61,8254800
2025-03-09 20:00:00-04:00,133.92,136.59,133.92,134.83,7028000
2025-03-10 20:00:00-04:00,134.54,134.54,129.87,130.22,9313500
2025-03-11 20:00:00-04:00,129.85,130.17,127.06,127.88,6771000
2025-03-12 20:00:00-04:00,127.88,128.44,126.62,127.50,9012900
2025-03-13 20:00:00-04:00,122.70,126.12,122.21,124.38,9537900
2025-03-16 20:00:00-04:00,124.39,125.51,123.88,125.29,6662800
2025-03-17 20:00:00-04:00,125.59,126.25,122.60,123.97,7959600
2025-03-18 20:00:00-04:00,124.00,125.43,123.46,125.07,5098500
2025-03-19 20:00:00-04:00,124.98,125.41,124.05,124.44,5158500
2025-03-20 20:00:00-04:00,124.00,124.47,123.18,124.01,8857100
2025-03-23 20:00:00-04:00,124.87,125.49,124.27,124.87,5283000
2025-03-24 20:00:00-04:00,125.33,126.42,122.21,123.29,6726800
2025-03-25 20:00:00-04:00,123.42,124.99,122.83,124.28,6053700
2025-03-26 20:00:00-04:00,124.83,129.50,124.33,128.93,8441400
2025-03-27 20:00:00-04:00,128.84,131.00,128.34,128.41,6708300
2025-03-30 20:00:00-04:00,128.40,130.75,128.23,130.21,9669600
2025-03-31 20:00:00-04:00,130.04,130.19,128.67,129.26,4228800
2025-04-01 20:00:00-04:00,128.23,129.70,127.37,129.50,4236200
2025-04-02 20:00:00-04:00,129.48,131.18,129.06,129.21,6239200
2025-04-03 20:00:00-04:00,128.81,129.96,121.72,122.15,10776900
2025-04-06 20:00:00-04:00,120.04,124.17,118.25,122.56,10371300
2025-04-07 20:00:00-04:00,124.73,125.60,119.81,121.67,9880100
2025-04-08 20:00:00-04:00,119.39,125.41,118.62,124.70,10179200
2025-04-09 20:00:00-04:00,123.68,124.48,119.77,122.21,11089400
2025-04-10 20:00:00-04:00,123.74,126.15,121.76,124.54,7357000
2025-04-13 20:00:00-04:00,124.66,126.13,124.50,125.60,6988500
2025-04-14 20:00:00-04:00,125.85,126.71,123.86,124.47,8639400
2025-04-15 20:00:00-04:00,127.90,132.30,127.22,127.90,13483200
2025-04-16 20:00:00-04:00,128.57,130.87,127.86,129.16,10474500
2025-04-20 20:00:00-04:00,129.15,130.13,126.73,128.09,6046700
2025-04-21 20:00:00-04:00,128.13,130.20,128.13,129.90,5837100
2025-04-22 20:00:00-04:00,130.38,131.05,125.37,128.04,8777100
2025-04-23 20:00:00-04:00,128.22,128.39,126.25,127.59,6595500
2025-04-24 20:00:00-04:00,127.48,127.73,125.48,127.06,4849100
2025-04-27 20:00:00-04:00,127.54,128.32,126.74,127.73,3843300
2025-04-28 20:00:00-04:00,127.10,129.45,127.01,128.69,4315300
2025-04-29 20:00:00-04:00,129.10,129.45,126.90,128.94,8510500
2025-04-30 20:00:00-04:00,127.70,129.80,126.22,129.06,6769100
2025-05-01 20:00:00-04:00,130.08,134.90,129.51,130.98,9801400
2025-05-04 20:00:00-04:00,131.05,131.21,129.63,130.76,5752000
2025-05-05 20:00:00-04:00,130.12,131.75,128.89,131.21,6290500
2025-05-06 20:00:00-04:00,131.65,132.57,130.59,132.09,4924900
2025-05-07 20:00:00-04:00,131.41,133.34,131.23,132.14,5994500
2025-05-08 20:00:00-04:00,132.12,133.10,131.34,131.39,4976100
2025-05-11 20:00:00-04:00,129.96,131.81,128.30,130.16,5958300
2025-05-12 20:00:00-04:00,129.92,129.92,127.13,127.26,6344700
2025-05-13 20:00:00-04:00,127.51,128.33,126.41,126.78,5266900
2025-05-14 20:00:00-04:00,127.06,131.58,127.06,131.50,8406400
2025-05-15 20:00:00-04:00,131.30,133.41,130.93,132.93,7128700
2025-05-18 20:00:00-04:00,133.13,133.81,132.66,133.67,8012800
2025-05-19 20:00:00-04:00,133.13,133.95,132.67,133.32,6455300
2025-05-20 20:00:00-04:00,133.23,134.28,131.17,131.20,7209100
2025-05-21 20:00:00-04:00,130.62,131.04,129.35,129.68,6277100
2025-05-22 20:00:00-04:00,129.85,130.34,128.62,129.48,6145000
2025-05-26 20:00:00-04:00,130.02,131.98,129.71,131.10,5591000
2025-05-27 20:00:00-04:00,131.25,131.75,130.01,130.19,3622100
2025-05-28 20:00:00-04:00,129.90,131.21,129.53,131.01,3078200
2025-05-29 20:00:00-04:00,131.04,132.27,129.91,131.73,14236800
2025-06-01 20:00:00-04:00,131.02,131.88,130.05,131.72,4464000
2025-06-02 20:00:00-04:00,131.27,132.11,129.78,131.86,5914900
2025-06-03 20:00:00-04:00,132.55,133.00,131.10,131.12,4057000
2025-06-04 20:00:00-04:00,131.54,132.52,130.36,132.08,5581500
2025-06-05 20:00:00-04:00,132.92,133.34,131.25,131.73,3867700
2025-06-08 20:00:00-04:00,131.17,132.43,129.01,131.55,6630100
2025-06-09 20:00:00-04:00,131.71,132.98,131.48,132.27,3579400
2025-06-10 20:00:00-04:00,132.24,133.47,131.09,133.40,4100500
2025-06-11 20:00:00-04:00,133.66,134.99,133.58,134.56,5089100
2025-06-12 20:00:00-04:00,133.90,135.16,133.37,133.74,3928900
2025-06-15 20:00:00-04:00,133.68,134.52,131.46,132.15,5084100
2025-06-16 20:00:00-04:00,131.85,132.15,130.32,130.45,5010800
2025-06-17 20:00:00-04:00,131.11,131.52,129.77,130.57,4950400
2025-06-19 20:00:00-04:00,131.81,131.83,130.16,131.15,11338200
2025-06-22 20:00:00-04:00,131.22,131.62,130.28,131.41,4887200
2025-06-23 20:00:00-04:00,131.47,137.13,130.54,136.16,9894700
2025-06-24 20:00:00-04:00,135.96,136.91,134.74,135.49,5507500
2025-06-25 20:00:00-04:00,135.42,135.63,130.87,131.82,9452900
2025-06-26 20:00:00-04:00,131.44,133.04,131.04,132.52,9513500
2025-06-29 20:00:00-04:00,132.14,134.37,132.14,134.12,5749700
2025-06-30 20:00:00-04:00,133.66,135.18,132.94,134.37,5337600
2025-07-01 20:00:00-04:00,133.39,134.45,131.98,132.25,4319600
2025-07-02 20:00:00-04:00,132.80,133.36,131.35,132.58,3114300
2025-07-06 20:00:00-04:00,132.64,133.04,131.01,131.85,8927400
2025-07-07 20:00:00-04:00,131.39,132.86,131.01,131.51,4782600
2025-07-08 20:00:00-04:00,131.62,131.91,129.65,131.37,4613700
2025-07-09 20:00:00-04:00,131.87,133.18,131.16,131.75,4857100
2025-07-10 20:00:00-04:00,131.42,131.73,129.44,130.19,4661200
2025-07-13 20:00:00-04:00,130.19,131.24,129.88,130.20,4881700
2025-07-14 20:00:00-04:00,130.65,131.19,129.07,130.25,5084800
2025-07-15 20:00:00-04:00,130.87,131.77,129.08,130.50,9893000
2025-07-16 20:00:00-04:00,125.35,125.66,118.64,119.37,27560600
2025-07-17 20:00:00-04:00,121.47,124.44,121.12,122.50,19571900
2025-07-20 20:00:00-04:00,123.09,124.84,120.45,123.24,10308000
2025-07-21 20:00:00-04:00,123.16,125.19,123.06,124.54,7098400
2025-07-22 20:00:00-04:00,125.13,125.84,122.09,124.64,6439600
2025-07-23 20:00:00-04:00,124.10,124.79,123.52,124.45,4708000
2025-07-24 20:00:00-04:00,124.58,125.53,124.27,125.34,4741200
2025-07-27 20:00:00-04:00,124.96,125.79,124.44,125.16,8168400
2025-07-28 20:00:00-04:00,124.82,126.89,124.28,126.80,5834100
2025-07-29 20:00:00-04:00,126.76,128.48,125.88,127.34,5359700
2025-07-30 20:00:00-04:00,126.34,127.93,124.62,125.00,6722600
2025-07-31 20:00:00-04:00,124.28,126.56,124.28,126.09,5453300
2025-08-03 20:00:00-04:00,126.25,128.90,126.25,128.70,5671400
2025-08-04 20:00:00-04:00,128.68,130.24,128.03,129.46,5355400
2025-08-05 20:00:00-04:00,128.85,130.48,128.58,129.69,5170100
2025-08-06 20:00:00-04:00,129.92,131.25,129.50,130.81,4690600
2025-08-07 20:00:00-04:00,130.56,133.44,130.51,133.01,4985400
2025-08-10 20:00:00-04:00,132.81,133.08,129.32,130.12,7125600
2025-08-11 20:00:00-04:00,130.50,130.64,128.40,129.78,5657500
2025-08-12 20:00:00-04:00,129.88,130.41,127.12,128.18,6723700
2025-08-13 20:00:00-04:00,127.88,128.91,127.32,128.06,9688300
2025-08-14 20:00:00-04:00,128.69,131.10,128.45,130.51,6784500
2025-08-17 20:00:00-04:00,130.39,131.05,128.93,129.04,3831400
2025-08-18 20:00:00-04:00,128.69,130.48,127.46,130.01,4845700
2025-08-19 20:00:00-04:00,130.80,132.55,130.48,131.19,3639800
2025-08-20 20:00:00-04:00,130.87,131.94,130.51,130.75,3980000
2025-08-21 20:00:00-04:00,131.52,132.36,130.10,131.34,4130200
2025-08-24 20:00:00-04:00,131.47,131.70,130.25,130.62,4705800
2025-08-25 20:00:00-04:00,130.61,131.10,130.14,130.35,6076500
2025-08-26 20:00:00-04:00,130.23,130.51,129.33,130.22,4759200
2025-08-27 20:00:00-04:00,129.68,130.40,128.91,130.13,4674700
2025-08-28 20:00:00-04:00,130.76,131.60,129.93,131.41,4430700
2025-09-01 20:00:00-04:00,131.44,132.14,129.60,130.22,5779200
2025-09-02 20:00:00-04:00,129.91,130.94,128.98,130.93,4806500
2025-09-03 20:00:00-04:00,130.93,132.58,130.46,131.56,5073800
2025-09-04 20:00:00-04:00,131.26,133.05,131.20,131.68,3286900
2025-09-07 20:00:00-04:00,131.01,131.83,130.37,130.95,5070200
2025-09-08 20:00:00-04:00,131.05,131.91,130.41,130.70,4641400
2025-09-09 20:00:00-04:00,130.60,130.60,126.25,128.14,7397200
2025-09-10 20:00:00-04:00,128.47,131.43,128.18,131.40,5578300
2025-09-11 20:00:00-04:00,130.58,133.69,130.16,132.47,5700300
2025-09-14 20:00:00-04:00,132.62,133.08,129.72,130.09,4057700
2025-09-15 20:00:00-04:00,130.52,132.40,129.96,131.51,5401600
2025-09-16 20:00:00-04:00,131.46,132.95,131.46,132.90,5113300
2025-09-17 20:00:00-04:00,132.82,133.51,130.85,133.30,5891700
2025-09-18 20:00:00-04:00,133.43,135.44,132.46,134.76,11547400
2025-09-21 20:00:00-04:00,134.05,136.19,133.68,135.33,4837000
2025-09-22 20:00:00-04:00,134.99,135.59,133.76,134.61,5136400
2025-09-23 20:00:00-04:00,134.03,135.54,132.53,132.63,3932400
2025-09-24 20:00:00-04:00,133.16,133.16,129.94,132.05,4963400
2025-09-25 20:00:00-04:00,132.71,132.93,131.84,132.29,4182100
2025-09-28 20:00:00-04:00,131.74,132.24,130.47,131.85,4351900
2025-09-29 20:00:00-04:00,131.61,133.23,130.93,132.67,7538300
2025-09-30 20:00:00-04:00,133.53,134.17,127.86,132.21,10613900
2025-10-01 20:00:00-04:00,131.17,132.13,129.28,131.73,5916700
2025-10-02 20:00:00-04:00,131.99,134.09,131.54,133.32,5362200
2025-10-05 20:00:00-04:00,133.05,133.96,132.19,132.48,6745900
2025-10-06 20:00:00-04:00,132.82,132.82,130.68,131.76,4816100
2025-10-07 20:00:00-04:00,131.56,133.45,130.92,133.00,6654800
2025-10-08 20:00:00-04:00,133.31,133.85,131.74,132.05,3237600
2025-10-09 20:00:00-04:00,132.92,133.23,130.79,131.32,5654100
2025-10-12 20:00:00-04:00,130.75,131.51,129.63,130.14,4008100
2025-10-13 20:00:00-04:00,130.22,132.08,129.99,132.01,8147900
2025-10-14 20:00:00-04:00,127.36,130.82,125.11,128.80,14906400
2025-10-15 20:00:00-04:00,128.88,130.50,126.23,126.99,9768100
2025-10-16 20:00:00-04:00,127.22,128.61,126.57,127.89,6806800
2025-10-19 20:00:00-04:00,127.79,129.17,127.48,128.86,5810000
2025-10-20 20:00:00-04:00,128.35,128.65,126.87,126.90,4934700
2025-10-21 20:00:00-04:00,126.98,128.29,126.47,127.31,6186800
2025-10-22 20:00:00-04:00,127.59,128.12,125.43,125.70,6700600
2025-10-23 20:00:00-04:00,126.33,127.46,124.37,126.21,5071100
2025-10-26 20:00:00-04:00,125.42,127.02,124.52,126.54,6254200
2025-10-27 20:00:00-04:00,126.33,127.80,125.55,125.97,4763000
2025-10-28 20:00:00-04:00,125.54,125.91,123.49,123.80,5182000
2025-10-29 20:00:00-04:00,124.51,125.79,123.70,124.04,4877400
2025-10-30 20:00:00-04:00,123.22,123.70,121.99,123.00,7044900
2025-11-02 19:00:00-05:00,123.09,123.43,121.82,123.22,5833000
2025-11-03 19:00:00-05:00,123.67,125.22,123.22,125.17,5607700
2025-11-04 19:00:00-05:00,125.26,126.07,123.30,123.91,4597100
2025-11-05 19:00:00-05:00,123.23,124.37,122.73,124.32,4714700
2025-11-06 19:00:00-05:00,125.01,125.98,124.02,125.72,5458500
2025-11-09 19:00:00-05:00,124.79,125.51,123.92,125.26,4251600
2025-11-10 19:00:00-05:00,125.96,126.51,125.14,126.36,5293900
2025-11-11 19:00:00-05:00,126.30,128.43,125.91,128.17,4979700
2025-11-12 19:00:00-05:00,127.86,128.94,127.35,128.61,5182400
2025-11-13 19:00:00-05:00,128.64,130.30,128.12,129.93,6998900
2025-11-16 19:00:00-05:00,130.02,131.27,129.30,129.37,5816600
2025-11-17 19:00:00-05:00,130.08,131.36,128.64,129.34,6775000
2025-11-18 19:00:00-05:00,129.24,130.83,123.95,125.51,10296100
2025-11-19 19:00:00-05:00,121.88,125.09,121.48,123.35,11654000
2025-11-20 19:00:00-05:00,124.05,128.07,123.27,127.46,9401000
2025-11-23 19:00:00-05:00,126.82,128.87,126.08,126.55,14041300
2025-11-24 19:00:00-05:00,126.65,128.16,125.59,127.40,8035500
2025-11-25 19:00:00-05:00,127.43,128.37,126.38,127.89,5473800
2025-11-27 19:00:00-05:00,127.51,128.74,127.35,128.25,2572400
2025-11-30 19:00:00-05:00,128.00,129.20,127.32,127.36,5766900
2025-12-01 19:00:00-05:00,127.80,128.34,125.01,125.68,5479700
2025-12-02 19:00:00-05:00,125.64,126.93,124.58,124.66,4918800
2025-12-03 19:00:00-05:00,124.56,124.94,123.43,124.77,5226900
2025-12-04 19:00:00-05:00,125.03,125.41,124.01,124.45,4361100
2025-12-07 19:00:00-05:00,123.99,123.99,121.10,121.47,6391900
2025-12-08 19:00:00-05:00,122.21,122.61,120.45,120.64,5229100
2025-12-09 19:00:00-05:00,120.65,122.47,120.09,121.93,6716200
2025-12-10 19:00:00-05:00,122.41,123.61,122.01,122.66,5390000
2025-12-11 19:00:00-05:00,122.85,124.95,122.29,124.83,4765300
2025-12-14 19:00:00-05:00,125.09,128.99,124.57,127.82,7716000
2025-12-15 19:00:00-05:00,127.76,127.95,125.66,126.22,5764200
2025-12-16 19:00:00-05:00,126.11,127.03,125.31,126.07,8048900
2025-12-17 19:00:00-05:00,125.94,126.94,124.30,124.49,5891700
2025-12-18 19:00:00-05:00,124.41,125.49,123.14,124.82,14795700
2025-12-21 19:00:00-05:00,124.53,126.60,124.14,124.57,5058000
2025-12-22 19:00:00-05:00,124.37,124.55,123.23,123.91,7534900
2025-12-23 19:00:00-05:00,123.38,124.70,123.38,124.18,1632200
2025-12-25 19:00:00-05:00,123.95,124.56,123.63,124.21,2120700
2025-12-28 19:00:00-05:00,124.40,124.86,123.86,123.94,4468700
2025-12-29 19:00:00-05:00,123.80,125.56,123.73,125.15,5271100
2025-12-30 19:00:00-05:00,125.25,125.60,124.61,124.66,3157100
2026-01-01 19:00:00-05:00,124.07,124.62,123.02,123.56,5014200
2026-01-04 19:00:00-05:00,123.01,125.92,121.88,125.81,6548500
2026-01-05 19:00:00-05:00,126.20,128.81,125.91,127.14,8327500
2026-01-06 19:00:00-05:00,127.80,127.95,125.63,126.40,6632300
2026-01-07 19:00:00-05:00,126.46,127.45,125.42,125.54,4344600
2026-01-08 19:00:00-05:00,125.78,126.50,124.60,125.29,4317600
2026-01-11 19:00:00-05:00,125.76,125.97,122.83,124.01,5524300
2026-01-12 19:00:00-05:00,123.92,124.04,121.58,123.67,5169800
2026-01-13 19:00:00-05:00,123.06,124.46,122.37,124.37,7187800
2026-01-14 19:00:00-05:00,124.40,124.42,123.00,123.53,7079500
2026-01-15 19:00:00-05:00,123.23,123.49,121.54,121.76,10418200
2026-01-19 19:00:00-05:00,121.37,121.50,120.25,121.14,12634000
2026-01-20 19:00:00-05:00,121.71,122.49,120.33,120.73,12557300
2026-01-21 19:00:00-05:00,107.53,114.00,105.78,108.61,37099400
2026-01-22 19:00:00-05:00,108.27,110.05,106.08,107.42,21813100
2026-01-25 19:00:00-05:00,107.75,110.39,107.59,108.77,19094200
2026-01-26 19:00:00-05:00,108.01,109.35,106.96,108.27,16594500
2026-01-27 19:00:00-05:00,107.80,108.63,105.27,106.05,15120500
2026-01-28 19:00:00-05:00,106.44,107.16,105.34,106.09,15687900
2026-01-29 19:00:00-05:00,106.06,109.48,105.68,109.30,17531400
2026-02-01 19:00:00-05:00,109.23,111.00,108.87,109.41,11447200
2026-02-02 19:00:00-05:00,107.00,109.12,106.25,109.02,14645400
2026-02-03 19:00:00-05:00,109.20,109.73,107.64,108.20,13163500
2026-02-04 19:00:00-05:00,109.16,110.14,107.91,109.08,13555100
2026-02-05 19:00:00-05:00,110.10,111.06,108.95,110.83,9919600
2026-02-08 19:00:00-05:00,110.23,111.27,109.50,111.07,11719900
2026-02-09 19:00:00-05:00,111.18,112.75,111.00,112.28,10513000
2026-02-10 19:00:00-05:00,111.74,113.73,111.38,113.59,9306500
2026-02-11 19:00:00-05:00,113.25,113.76,111.43,111.47,11541000
2026-02-12 19:00:00-05:00,111.77,113.11,111.40,112.68,7696700
2026-02-16 19:00:00-05:00,113.19,113.59,111.93,112.26,6568900
2026-02-17 19:00:00-05:00,111.92,113.38,111.63,113.29,7824400
2026-02-18 19:00:00-05:00,113.01,113.40,111.98,112.19,6988400
2026-02-19 19:00:00-05:00,112.19,112.64,111.18,112.21,7099000
2026-02-22 19:00:00-05:00,112.29,115.31,112.05,115.29,9144500
2026-02-23 19:00:00-05:00,115.06,115.37,113.82,114.58,9017200
2026-02-24 19:00:00-05:00,114.91,116.02,114.35,114.76,6529600
2026-02-25 19:00:00-05:00,115.32,116.57,114.51,116.26,7855600
2026-02-26 19:00:00-05:00,115.71,116.82,115.49,116.35,13233300
2026-03-01 19:00:00-05:00,115.56,115.85,113.63,114.12,7700200
2026-03-02 19:00:00-05:00,113.00,114.43,112.63,113.61,6708000
2026-03-03 19:00:00-05:00,113.66,113.95,112.03,113.10,4613500
2026-03-04 19:00:00-05:00,111.95,112.00,110.52,111.04,8008900
2026-03-05 19:00:00-05:00,110.72,110.72,108.34,109.56,11100400
2026-03-08 20:00:00-04:00,109.42,112.74,108.94,112.65,13560800
2026-03-09 20:00:00-04:00,112.28,112.45,109.80,110.55,8746100
2026-03-10 20:00:00-04:00,110.00,110.75,108.96,110.25,8002200
2026-03-11 20:00:00-04:00,109.78,111.18,108.07,108.14,10839800
2026-03-12 20:00:00-04:00,109.39,110.31,107.70,108.03,8828900
2026-03-15 20:00:00-04:00,108.81,110.10,108.53,109.95,7442200
2026-03-16 20:00:00-04:00,110.10,111.86,109.92,110.71,9452200
2026-03-17 20:00:00-04:00,109.50,109.95,107.75,108.49,8241400
2026-03-18 20:00:00-04:00,108.73,109.77,107.14,107.19,10466000
2026-03-19 20:00:00-04:00,107.04,107.79,105.40,105.46,81271300
2026-03-22 20:00:00-04:00,107.07,107.14,104.10,104.85,8227800
2026-03-23 20:00:00-04:00,104.09,104.25,102.41,104.06,11794300
2026-03-24 20:00:00-04:00,105.45,105.82,104.25,104.83,6377000
2026-03-25 20:00:00-04:00,104.39,105.98,104.00,104.57,6212300
2026-03-26 20:00:00-04:00,104.90,105.46,103.68,103.99,10915000
2026-03-29 20:00:00-04:00,104.76,104.77,101.82,101.88,10476700
2026-03-30 20:00:00-04:00,102.54,103.68,100.88,102.67,12442100
2026-03-31 20:00:00-04:00,102.84,103.79,102.21,102.38,7452500
2026-04-01 20:00:00-04:00,102.02,103.47,101.55,102.87,5453400
